id,ticker,name,sector,μ,σ
56,AZO,AutoZone,Consumer Discretionary,0.2569713364096769,0.12628256540670305
35,AWK,American Water Works,Utilities,0.15148904836233912,0.11920347137090423
425,SYF,Synchrony Financial,Financials,0.04658351758097923,0.16126992832482037
429,TROW,T. Rowe Price,Financials,0.08512926657660169,0.13629617261640176
308,MDT,Medtronic,Health Care,0.034455682189086345,0.12094374242967786
67,BIO,Bio-Rad Laboratories,Health Care,0.19510506902804295,0.13730372236232874
215,GIS,General Mills,Consumer Staples,0.11044024271139308,0.11648340487247695
319,TAP,Molson Coors Beverage Company,Consumer Staples,-0.07040314484313036,0.1380583363534646
251,IFF,International Flavors & Fragrances,Materials,-0.02651695294229508,0.13441417843860387
112,CSCO,Cisco Systems,Information Technology,0.02111388105343332,0.12386287063100164
185,EXPE,Expedia Group,Consumer Discretionary,0.030876234269476454,0.16722040933994348
348,ORLY,O'Reilly Automotive,Consumer Discretionary,0.21673760454273208,0.12464603263426449
420,SBUX,Starbucks,Consumer Discretionary,0.11768499773051382,0.13068009336809994
404,RCL,Royal Caribbean Group,Consumer Discretionary,-0.17885354880325582,0.19502559812825365
365,PEP,PepsiCo,Consumer Staples,0.10511251486256391,0.10373675791916545
417,SO,Southern Company,Utilities,0.1015359556412104,0.11715359388585024
333,NWS,News Corp (Class B),Communication Services,0.09591072438938172,0.13989032372962354
86,COF,Capital One Financial,Financials,0.08729422924549714,0.15829340426843336
168,EW,Edwards Lifesciences,Health Care,0.1838439855567901,0.13801847308596304
431,TPR,Tapestry,Consumer Discretionary,-0.027664267495125777,0.17203335065457107
207,BEN,Franklin Resources,Financials,-0.05159051336810882,0.14634725137942392
263,SJM,JM Smucker,Consumer Staples,0.053273380018958094,0.12053858526783555
422,STE,Steris,Health Care,0.1794534926968002,0.12309294420747316
242,IEX,IDEX Corporation,Industrials,0.10883404152177446,0.11975043636595299
183,ES,Eversource Energy,Utilities,0.07943876762052561,0.11831895218404526
376,PFG,Principal Financial Group,Financials,0.07102061333281193,0.14822118992751812
479,WRB,W. R. Berkley Corporation,Financials,0.1566652143484011,0.1227731614367584
224,HAS,Hasbro,Consumer Discretionary,-0.03633090879148547,0.14268046841154872
465,UNH,UnitedHealth Group,Health Care,0.19239663121433717,0.1257928139458752
177,EQR,Equity Residential,Real Estate,0.029660318573574318,0.12689566546657152
430,TTWO,Take-Two Interactive,Communication Services,0.06691276454639909,0.1438161050688308
12,AES,AES Corp,Utilities,0.1633325962695213,0.14266941597279656
75,BXP,Boston Properties,Real Estate,-0.0753089609552399,0.13715367448721752
111,CTAS,Cintas Corporation,Industrials,0.21194188627586658,0.1313343475195105
23,ALL,Allstate Corp,Financials,0.07784170668220311,0.12485450274636413
264,JNJ,Johnson & Johnson,Health Care,0.07099170800031447,0.10636538590990835
41,ADI,Analog Devices,Information Technology,0.14864778170231416,0.13454045676662252
68,TECH,Bio-Techne,Health Care,0.24176060876330693,0.13492464398309842
82,CHRW,C. H. Robinson,Industrials,0.03525825367163133,0.1284862981507871
125,COP,ConocoPhillips,Energy,0.08692290639802894,0.15797829074592876
77,BMY,Bristol Myers Squibb,Health Care,0.06800925626672578,0.11920105138393286
172,ENPH,Enphase Energy,Information Technology,1.0165365779671938,0.21327165031562734
339,NTRS,Northern Trust,Financials,0.012277615211647053,0.1351976873710958
71,BK,BNY Mellon,Financials,-0.02241637949493792,0.13308706303230727
66,BBY,Best Buy,Consumer Discretionary,0.07350377507159465,0.1520347434482917
103,SCHW,Charles Schwab Corporation,Financials,0.12272301289210374,0.14260402526258184
280,LRCX,Lam Research,Information Technology,0.29948480303064634,0.1600641581630242
208,FCX,Freeport-McMoRan,Materials,0.2800410321192068,0.1750184677486967
336,NKE,Nike,Consumer Discretionary,0.14710446920860915,0.1367729708747469
211,IT,Gartner,Information Technology,0.20553502142423016,0.1393122458616315
26,MO,Altria Group,Consumer Staples,-0.05267356977035484,0.12485272099198627
343,NRG,NRG Energy,Utilities,0.04130508859950421,0.1426351167639663
358,PH,Parker-Hannifin,Industrials,0.14974085298901327,0.1437967155691932
366,PKI,PerkinElmer,Health Care,0.1797663792196901,0.1345776267638419
127,STZ,Constellation Brands,Consumer Staples,0.040952990133506194,0.13050382198358226
116,CLX,Clorox,Consumer Staples,0.0250077233247987,0.12441293590738399
414,SPG,Simon Property Group,Real Estate,-0.09796871656553306,0.16295839282553903
468,VTR,Ventas,Real Estate,-0.03670155451575058,0.16263536927665465
230,HLT,Hilton Worldwide,Consumer Discretionary,0.14049710068946955,0.14608347843185285
279,LH,LabCorp,Health Care,0.12466418927039034,0.13128736977141556
79,BR,Broadridge Financial Solutions,Information Technology,0.09650541367842481,0.12115365442477856
195,FITB,Fifth Third Bancorp,Financials,0.07669993215825703,0.15291117814593966
374,PPG,PPG Industries,Materials,0.06594490549938829,0.1315116979612076
141,DE,Deere & Co.,Industrials,0.25645496060440387,0.13851095354608622
450,TDG,TransDigm Group,Industrials,0.14517058217894235,0.1556893027494071
477,VNO,Vornado Realty Trust,Real Estate,-0.20501308117544015,0.14997225726496943
388,PWR,Quanta Services,Industrials,0.3568198399565057,0.14027036051389233
135,CMI,Cummins,Industrials,0.11200613062345928,0.13023809105307974
389,DGX,Quest Diagnostics,Health Care,0.09614434616863186,0.12473745134224312
485,WAT,Waters Corporation,Health Care,0.13483244791748772,0.13157644609304367
138,DHR,Danaher Corporation,Health Care,0.2676059475188595,0.12096330673970769
222,HAL,Halliburton,Energy,-0.06523796992735013,0.18102960280186103
502,ZBRA,Zebra Technologies,Information Technology,0.24925114164390483,0.1492077580538589
107,CB,Chubb,Financials,0.09505681510604203,0.1224539066884202
276,KHC,Kraft Heinz,Consumer Staples,-0.07635481754287178,0.1327600423532369
46,AAPL,Apple,Information Technology,0.33739042950253817,0.13195713860775887
295,MTB,M&T Bank,Financials,-0.016572313229340763,0.14460305111022687
57,AVB,AvalonBay Communities,Real Estate,0.03654749951224591,0.12567069591435484
381,PTC,PTC,Information Technology,0.10364235532427046,0.14743487840193176
152,DG,Dollar General,Consumer Discretionary,0.21608652574139403,0.12280411423245342
247,INCY,Incyte,Health Care,-0.002252987613271839,0.1417139950363157
170,LLY,Eli Lilly & Co,Health Care,0.30203844832977916,0.12740472904013056
397,RSG,Republic Services,Industrials,0.15946566399158438,0.10750296988324401
129,GLW,Corning,Information Technology,0.05047944948744146,0.13643108997823608
238,HUM,Humana,Health Care,0.13216644960144974,0.1350998238851526
250,ICE,Intercontinental Exchange,Financials,0.10808272052030202,0.11489933062748944
448,TSCO,Tractor Supply Company,Consumer Discretionary,0.2632680574650771,0.13170291002403137
78,AVGO,Broadcom,Information Technology,0.21285205634464605,0.1413290033829326
438,TXN,Texas Instruments,Information Technology,0.14074307298621105,0.1270625122831001
133,CCI,Crown Castle,Real Estate,0.11452376768387665,0.1218123059695755
258,IQV,IQVIA,Health Care,0.18476384960985673,0.13850709958522586
436,TER,Teradyne,Information Technology,0.2769274864648514,0.15856386074254317
72,BA,Boeing,Industrials,-0.19513594069611634,0.16948135449886717
184,EXC,Exelon,Utilities,0.013121652391373138,0.12962154821696154
252,IP,International Paper,Materials,-0.026328874010395333,0.13535452538756967
1,MMM,3M,Industrials,-0.08226918499445922,0.12263173544815
137,DHI,D. R. Horton,Consumer Discretionary,0.1878217540281868,0.14931062452831362
154,D,Dominion Energy,Utilities,0.011195228268482358,0.11673975766737177
22,LNT,Alliant Energy,Utilities,0.0789944641002609,0.1152713327255896
313,MCHP,Microchip Technology,Information Technology,0.14564525577238768,0.15224369727749457
435,TFX,Teleflex,Health Care,0.018539834542851144,0.13654524612275726
427,SYY,Sysco,Consumer Staples,0.05299497788001401,0.15034693294476748
454,TYL,Tyler Technologies,Information Technology,0.17871413893263435,0.12980841599890489
391,RJF,Raymond James Financial,Financials,0.1536946503034866,0.1399951556297016
237,HPQ,HP,Information Technology,0.10599571438891038,0.14752612037519663
206,FOX,Fox Corporation (Class B),Communication Services,-0.05946925741586606,0.13995194310952255
288,LYV,Live Nation Entertainment,Communication Services,0.16223633370027943,0.16580086425040633
270,KEY,KeyCorp,Financials,0.014772742287211725,0.15127199670936342
299,MAR,Marriott International,Consumer Discretionary,0.05027345488210475,0.15781799371556318
33,AIG,American International Group,Financials,0.017760838771933383,0.15238355642152251
345,NVDA,Nvidia,Information Technology,0.37260748129028465,0.16416490683283363
500,XYL,Xylem,Industrials,0.09314373843215847,0.13197666982627412
40,APH,Amphenol,Information Technology,0.1430258988703411,0.12327657261421171
400,ROK,Rockwell Automation,Industrials,0.12002880557918758,0.13826400747735865
113,C,Citigroup,Financials,-0.061321982059281514,0.14650967327758815
231,HOLX,Hologic,Health Care,0.1583139453731215,0.13293001985152497
432,TGT,Target Corporation,Consumer Discretionary,0.2599013267393875,0.14064046065238894
245,ITW,Illinois Tool Works,Industrials,0.10749084572818375,0.12305961081878282
254,INTU,Intuit,Information Technology,0.22605601725800503,0.13957255466491691
283,LEG,Leggett & Platt,Consumer Discretionary,-0.020562107611496298,0.1468433991388893
165,EBAY,eBay,Consumer Discretionary,0.1105561794759882,0.1368689993207516
309,MRK,Merck & Co.,Health Care,0.06529540435399392,0.11369277875048028
142,DAL,Delta Air Lines,Industrials,-0.11259369232109358,0.1676995998648118
416,SNA,Snap-on,Industrials,0.0891881598797435,0.13346105925916338
482,WBA,Walgreens Boots Alliance,Consumer Staples,-0.12218547971455368,0.13621237838773928
114,CFG,Citizens Financial Group,Financials,0.025494920675233967,0.15484771910884637
55,ADP,Automatic Data Processing,Information Technology,0.13585220530800807,0.12181328454209425
265,JCI,Johnson Controls,Industrials,0.15453792897983468,0.13065065356106126
325,MSI,Motorola Solutions,Information Technology,0.17838212934390812,0.1263454169888113
136,CVS,CVS Health,Health Care,0.09863460641228675,0.12774094209747078
117,CME,CME Group,Financials,0.04201022961131895,0.12196990893034647
45,APA,APA Corporation,Energy,-0.035373244242507706,0.20662942188241504
145,DXCM,DexCom,Health Care,0.3992118712066334,0.16507781149361897
418,LUV,Southwest Airlines,Industrials,-0.07127940100859075,0.1492992916247601
444,TRV,The Travelers Companies,Financials,0.0627008423549025,0.12123224962149252
282,LVS,Las Vegas Sands,Consumer Discretionary,-0.13545917188412346,0.16122368185803054
275,KLAC,KLA Corporation,Information Technology,0.330486479538795,0.1523467988969843
337,NI,NiSource,Utilities,0.013015457054671126,0.11955393717934348
342,NCLH,Norwegian Cruise Line Holdings,Consumer Discretionary,-0.30572317295801904,0.20699614288516816
393,O,Realty Income Corporation,Real Estate,0.03181052544438157,0.13100985616199048
457,UDR,UDR,Real Estate,0.05226532648083567,0.1259723031245747
460,UA,Under Armour (Class C),Consumer Discretionary,-0.1130182566014097,0.17376557625665537
363,PNR,Pentair,Industrials,0.046925292607658854,0.14773392392735743
378,PGR,Progressive Corporation,Financials,0.15208049056879505,0.11836766573248561
351,OMC,Omnicom Group,Communication Services,-0.006550520727990313,0.134628856818581
158,DTE,DTE Energy,Utilities,0.02616376138724948,0.12321642455222359
218,GILD,Gilead Sciences,Health Care,-0.01692497505115358,0.12240868068272102
176,EQIX,Equinix,Real Estate,0.14006947938903155,0.12646439239334645
437,TSLA,Tesla,Consumer Discretionary,0.751881335605015,0.18948982943779463
148,DFS,Discover Financial Services,Financials,0.11020908928101898,0.16309080229011183
92,CAT,Caterpillar,Industrials,0.11297784630177314,0.13757882026396132
36,AMP,Ameriprise Financial,Financials,0.19531079723436243,0.14648650380486067
469,VRSN,Verisign,Information Technology,0.08436857738460601,0.1260042850591456
451,TRMB,Trimble,Information Technology,0.17383887276064888,0.14687647077113367
118,CMS,CMS Energy,Utilities,0.0698164575104853,0.113846627100632
162,DXC,DXC Technology,Information Technology,-0.252606517739575,0.18301750637654027
494,WHR,Whirlpool Corporation,Consumer Discretionary,0.07725211271256238,0.1475305654273512
84,CZR,Caesars Entertainment,Consumer Discretionary,0.5381261338816805,0.21604224530989258
7,ATVI,Activision Blizzard,Communication Services,0.07458442989808375,0.1386311956345907
203,FTV,Fortive,Industrials,-0.04384071292171553,0.13219215128889716
25,GOOG,Alphabet (Class C),Communication Services,0.21411349356183657,0.12799663498762767
95,CDW,CDW,Information Technology,0.20237420392426936,0.1327967009545271
292,LOW,Lowe's,Consumer Discretionary,0.21387945120744292,0.13746729490212015
353,ORCL,Oracle,Information Technology,0.13155955973608763,0.12301469369397439
232,HD,Home Depot,Consumer Discretionary,0.14501191994009355,0.1244161465796743
93,CBOE,Cboe Global Markets,Financials,0.026469179254435333,0.12518696813785565
296,MRO,Marathon Oil,Energy,0.043918271839533556,0.1884957297274053
304,MTCH,Match Group,Communication Services,0.40586964351518623,0.19003762149766598
18,ALB,Albemarle Corporation,Materials,0.27207771512448187,0.1642125625858064
240,HII,Huntington Ingalls Industries,Industrials,-0.02640810799402758,0.13282192700389114
476,V,Visa,Information Technology,0.11791922234789394,0.12527942307986523
147,DLR,Digital Realty Trust,Real Estate,0.04874399147394138,0.12710900492814814
16,AKAM,Akamai Technologies,Information Technology,0.09387538879240866,0.12842065647399833
370,PNW,Pinnacle West Capital,Utilities,-0.03951610852515363,0.12083985208839372
415,SWKS,Skyworks Solutions,Information Technology,0.09944512373333583,0.1481000397577972
349,OXY,Occidental Petroleum,Energy,-0.11450779265530332,0.19001399723604206
19,ARE,Alexandria Real Estate Equities,Real Estate,0.0796147910813964,0.12053361333969123
44,AON,Aon,Financials,0.17028908023062966,0.11977399834815892
266,JPM,JPMorgan Chase,Financials,0.058153017014161736,0.13223155862930253
217,GPC,Genuine Parts,Consumer Discretionary,0.10527216981608135,0.1289766836153195
31,AEP,American Electric Power,Utilities,0.05771609404605123,0.1154885465327242
146,FANG,Diamondback Energy,Energy,0.0018909368332551272,0.19285947055571806
368,PM,Philip Morris International,Consumer Staples,0.0324235020569556,0.1250829011810041
489,WST,West Pharmaceutical Services,Health Care,0.3285680862804783,0.13430135344389482
74,BWA,BorgWarner,Consumer Discretionary,-0.019694492562921617,0.14752391635930287
61,BAC,Bank of America,Financials,0.07099915517461396,0.13924230352586947
29,AEE,Ameren Corp,Utilities,0.08793339220188605,0.11582797200646634
412,NOW,ServiceNow,Information Technology,0.2760502857751117,0.15411273442329348
390,RL,Ralph Lauren Corporation,Consumer Discretionary,-0.02625316149187517,0.15806333082092336
380,PRU,Prudential Financial,Financials,0.0105526566835674,0.1458093000777226
212,GNRC,Generac Holdings,Industrials,0.44140302407447346,0.16322031011588736
303,MA,Mastercard,Information Technology,0.1484366649795125,0.13318994048724664
424,SIVB,SVB Financial,Financials,0.1661230450882444,0.1683428737513683
228,HES,Hess Corporation,Energy,0.15604347642292277,0.173597899238191
159,DUK,Duke Energy,Utilities,0.06207801641491719,0.1126681457468201
193,FDX,FedEx,Industrials,0.016215093055679038,0.14445433057632603
463,UPS,United Parcel Service,Industrials,0.15740226871766025,0.12845958800088428
101,CF,CF Industries,Materials,0.16523205260331822,0.15814995685317793
360,PAYC,Paycom,Information Technology,0.2786183477987836,0.161440927076016
105,CVX,Chevron Corporation,Energy,0.040104055389192234,0.13829409876269652
223,HBI,Hanesbrands,Consumer Discretionary,-0.10291086750293085,0.16389723829726913
399,RHI,Robert Half International,Industrials,0.10922686360887104,0.14039188488986062
285,LEN,Lennar,Consumer Discretionary,0.15455728504252822,0.15490404275346067
17,ALK,Alaska Air Group,Industrials,-0.06765895007685892,0.16443342065855313
421,STT,State Street Corporation,Financials,-0.008865157668036807,0.14458892371981563
271,KEYS,Keysight Technologies,Information Technology,0.267744166978813,0.13298642411665385
426,SNPS,Synopsys,Information Technology,0.33624280727022543,0.1343947392107687
166,ECL,Ecolab,Materials,0.04329822431727239,0.1269670890925665
198,FISV,Fiserv,Information Technology,0.073894835866816,0.12980158148140117
214,GE,General Electric,Industrials,-0.02706849428323949,0.15984512753727875
331,NEM,Newmont,Materials,0.1309297819420696,0.1370455867101453
80,BRO,Brown & Brown,Financials,0.20925222144541467,0.11810152176510644
462,UAL,United Airlines,Industrials,-0.17745680432846536,0.18403584083588556
89,CCL,Carnival Corporation,Consumer Discretionary,-0.4002128770593084,0.20115811279137757
51,AIZ,Assurant,Financials,0.13069005808627554,0.1277403968003108
274,KMI,Kinder Morgan,Energy,-0.009113514617664567,0.1338933681717453
246,ILMN,Illumina,Health Care,0.0033584360232797317,0.1534254629955349
490,WDC,Western Digital,Information Technology,-0.07115183319970236,0.16981540114367827
143,XRAY,Dentsply Sirona,Health Care,-0.02569011094967507,0.14227448298132836
48,APTV,Aptiv,Consumer Discretionary,0.09901096753339308,0.16253888237891917
15,APD,Air Products & Chemicals,Materials,0.12471287024556926,0.12148501830144971
493,WY,Weyerhaeuser,Real Estate,0.0431222617293068,0.14280615435219787
330,NWL,Newell Brands,Consumer Discretionary,-0.018449181441997923,0.15881380066000017
97,CNC,Centene Corporation,Health Care,0.08578922440050905,0.14209475252892834
284,LDOS,Leidos,Industrials,0.11236536769347376,0.1283526661836314
134,CSX,CSX,Industrials,0.11227734451156796,0.12828070114292567
402,ROP,Roper Technologies,Industrials,0.10941680874119127,0.12007525636810606
413,SHW,Sherwin-Williams,Materials,0.17625746232391765,0.1294362479162014
110,CINF,Cincinnati Financial,Financials,0.09403674698681196,0.13585005954749835
501,YUM,Yum! Brands,Consumer Discretionary,0.08411396721943842,0.12188154493127497
30,AAL,American Airlines Group,Industrials,-0.25054190251120273,0.18843107923960373
419,SWK,Stanley Black & Decker,Industrials,-0.02559092571474074,0.1503486375750389
234,HRL,Hormel,Consumer Staples,0.05858021761586395,0.1118459877605178
6,ACN,Accenture,Information Technology,0.17869526112758444,0.12549426922662357
473,VFC,VF Corporation,Consumer Discretionary,-0.1349826762704194,0.14814131370042127
219,GPN,Global Payments,Information Technology,0.026741056741044697,0.14424446824999068
367,PFE,Pfizer,Health Care,0.054978750454401884,0.12062965298060575
272,KMB,Kimberly-Clark,Consumer Staples,0.037152472309805354,0.11200693129468617
164,ETN,Eaton Corporation,Industrials,0.18390414017195403,0.1338618014189828
153,DLTR,Dollar Tree,Consumer Discretionary,0.1007908270989774,0.1453568430652903
186,EXPD,Expeditors,Industrials,0.12619122100759897,0.12113376806660363
253,IPG,Interpublic Group,Communication Services,0.10146186580380089,0.14299463405808935
470,VRSK,Verisk Analytics,Industrials,0.1384232231070866,0.11854416170818027
64,BDX,Becton Dickinson,Health Care,0.011796460603221799,0.1160724140961561
267,JNPR,Juniper Networks,Information Technology,0.03196416499807294,0.12736782590564205
394,REG,Regency Centers,Real Estate,0.005845842977530706,0.14344556066822448
139,DRI,Darden Restaurants,Consumer Discretionary,0.07535584072057024,0.16098520578024164
13,AFL,Aflac,Financials,0.06721639273713574,0.13106368032063753
359,PAYX,Paychex,Information Technology,0.1460874541757321,0.12332612161256745
4,ABBV,AbbVie,Health Care,0.11859563392365816,0.1296271686803848
405,SPGI,S&P Global,Financials,0.1819991772182966,0.12493858176608004
104,CHTR,Charter Communications,Communication Services,0.12670602676140408,0.13428044008694995
316,MAA,Mid-America Apartments,Real Estate,0.16105028387040846,0.12088412225386672
456,USB,U.S. Bancorp,Financials,-0.010448192579678137,0.1345484191011113
328,NTAP,NetApp,Information Technology,0.03309117041378311,0.14520740491841116
179,EL,Estée Lauder Companies,Consumer Staples,0.17600337984013076,0.13547948207861601
52,T,AT&T,Communication Services,-0.12254959179056864,0.12441650676471215
369,PSX,Phillips 66,Energy,-0.05332343033976302,0.15185819987975707
410,SEE,Sealed Air,Materials,0.09141915883240086,0.13810657086192862
356,PCAR,Paccar,Industrials,0.08733811764855928,0.12351225991306397
486,WEC,WEC Energy Group,Utilities,0.0901352840605031,0.11753776152878291
300,MMC,Marsh & McLennan,Financials,0.1693210475764641,0.1127023299962737
171,EMR,Emerson Electric Company,Industrials,0.07888233690774543,0.1331220440349325
11,AMD,Advanced Micro Devices,Information Technology,0.4604844557462567,0.17184156983597781
302,MAS,Masco,Industrials,0.10801821870270654,0.13205058524551547
478,VMC,Vulcan Materials,Materials,0.10812251560429091,0.13946364629181768
487,WFC,Wells Fargo,Financials,-0.05003098895697381,0.14241213328327257
85,CPB,Campbell Soup,Consumer Staples,0.043800209306996615,0.12449076640402909
119,KO,Coca-Cola Company,Consumer Staples,0.06802480167270576,0.10970788514488017
39,AMGN,Amgen,Health Care,0.07107818789202262,0.11834595013057381
406,CRM,Salesforce,Information Technology,0.10354226855238294,0.14412384707727843
216,GM,General Motors,Consumer Discretionary,0.04716124575465293,0.15673247881569963
495,WMB,Williams Companies,Energy,0.031993760412932455,0.143496147330357
126,ED,Consolidated Edison,Utilities,0.021022063890679205,0.11478139411410156
108,CHD,Church & Dwight,Consumer Staples,0.11702903180160916,0.115388911547794
441,HIG,The Hartford,Financials,0.07703969437443799,0.14183102364989783
443,MOS,The Mosaic Company,Materials,0.14996581866576011,0.17194184787142247
382,PEG,Public Service Enterprise Group,Utilities,0.04710055596644804,0.11678668512533594
156,DOV,Dover Corporation,Industrials,0.1537375506282897,0.12953177336852542
439,TXT,Textron,Industrials,0.04551045959481452,0.15000520025464834
124,CAG,Conagra Brands,Consumer Staples,0.020250479823127596,0.13026992000856885
10,AAP,Advance Auto Parts,Consumer Discretionary,0.08909689255007619,0.1391148406224725
2,AOS,A. O. Smith,Industrials,0.044197457484259066,0.1294526040991298
261,JKHY,Jack Henry & Associates,Information Technology,0.08214468079369522,0.12018219157450814
27,AMZN,Amazon,Consumer Discretionary,0.14474094167692714,0.13818268857509083
307,MCK,McKesson Corporation,Health Care,0.20945592473184538,0.13188941126255435
144,DVN,Devon Energy,Energy,0.1107084066475043,0.18763054435185786
273,KIM,Kimco Realty,Real Estate,0.07795115483218368,0.15426144996214852
257,IPGP,IPG Photonics,Information Technology,-0.09965620189443444,0.16243430919448829
352,OKE,Oneok,Energy,-0.027065300218214464,0.1731698522497639
200,FMC,FMC Corporation,Materials,0.08666706856462988,0.1385460538837412
290,LMT,Lockheed Martin,Industrials,0.06178249798119735,0.1211350088308227
20,ALGN,Align Technology,Health Care,0.09136516784005305,0.17279392293232199
312,MGM,MGM Resorts International,Consumer Discretionary,0.06742721289853246,0.1780994716597292
484,WM,Waste Management,Industrials,0.14743076415344827,0.10858151749282358
81,BF.B,Brown–Forman,Consumer Staples,0.08175172368035692,0.12232158293710892
340,NOC,Northrop Grumman,Industrials,0.09091456242978241,0.12434662492368023
187,EXR,Extra Space Storage,Real Estate,0.18076566859635929,0.12391110000878498
213,GD,General Dynamics,Industrials,0.0351959049963092,0.12185642502912096
329,NFLX,Netflix,Communication Services,0.0224435995470328,0.15791713623484036
398,RMD,ResMed,Health Care,0.22378971398786368,0.1363435166608504
344,NUE,Nucor,Materials,0.19191219713841384,0.14995604656595707
346,NVR,NVR,Consumer Discretionary,0.13236250628190965,0.1440815916572965
189,FFIV,F5 Networks,Information Technology,0.03592244617445223,0.13586402662538624
9,ADBE,Adobe,Information Technology,0.17139244260865355,0.13914740589275504
227,HSIC,Henry Schein,Health Care,0.019605858993663766,0.13984752958828417
294,LYB,LyondellBasell,Materials,-0.015178448513763751,0.1530136389173787
109,CI,Cigna,Health Care,0.09873074964212608,0.1389152214156626
409,STX,Seagate Technology,Information Technology,0.1232711945188975,0.15033418707449672
481,WAB,Wabtec,Industrials,0.018768326929438618,0.14597872106330462
445,DIS,The Walt Disney Company,Communication Services,0.03599280836048959,0.13506868706724195
466,UHS,Universal Health Services,Health Care,0.0011436526643991394,0.1468647867132669
249,INTC,Intel,Information Technology,-0.05290183828546539,0.13850021658969727
383,PSA,Public Storage,Real Estate,0.1172954754709316,0.11575652799506897
395,REGN,Regeneron Pharmaceuticals,Health Care,0.1748541295783837,0.134176074815318
372,PNC,PNC Financial Services,Financials,0.0657707091231624,0.13647741348825468
241,IBM,IBM,Information Technology,-0.018169571968783285,0.12331433250063185
401,ROL,Rollins,Industrials,0.11793356152247454,0.1256404405027991
88,KMX,CarMax,Consumer Discretionary,0.09775789326011616,0.15685999569349135
209,GPS,Gap,Consumer Discretionary,-0.16013467766662723,0.1877017883796529
120,CTSH,Cognizant Technology Solutions,Information Technology,-0.0011875695538827763,0.1322041193471945
498,XEL,Xcel Energy,Utilities,0.09381499417093708,0.11261006810117169
323,MCO,Moody's Corporation,Financials,0.17412053044498582,0.13120287216839618
260,JBHT,J. B. Hunt,Industrials,0.13362314650202053,0.13014391779786288
297,MPC,Marathon Petroleum,Energy,0.051357837077625854,0.16215959398010296
24,GOOGL,Alphabet (Class A),Communication Services,0.21054431029623022,0.12796030175574033
8,ADM,ADM,Consumer Staples,0.16160742522960872,0.12242588778721712
37,ABC,AmerisourceBergen,Health Care,0.13612107391806502,0.1304449250408611
83,CDNS,Cadence Design Systems,Information Technology,0.34586007166585886,0.13826696170238845
201,F,Ford,Consumer Discretionary,0.10712457759939055,0.15566002095213244
121,CL,Colgate-Palmolive,Consumer Staples,0.04369216201501849,0.10552502129313233
311,MTD,Mettler Toledo,Health Care,0.22275656591041026,0.13041730903429885
281,LW,Lamb Weston,Consumer Staples,0.018053465586135624,0.1434895443023287
14,A,Agilent Technologies,Health Care,0.2004177101488843,0.12717530843576452
464,URI,United Rentals,Industrials,0.23056373251102308,0.16376972024075429
491,WU,Western Union,Information Technology,-0.0333599896151885,0.1290103937335816
386,QRVO,Qorvo,Information Technology,0.15072031980343595,0.1531455448228394
433,TEL,TE Connectivity,Information Technology,0.1103891893250697,0.13239277348668124
447,TJX,TJX Companies,Consumer Discretionary,0.097901192905023,0.13709679740455924
314,MU,Micron Technology,Information Technology,0.120942935150126,0.16051542530204516
357,PKG,Packaging Corporation of America,Materials,0.07689075492782582,0.13134888102499548
461,UNP,Union Pacific,Industrials,0.11730107871034479,0.12689566896716384
480,GWW,W. W. Grainger,Industrials,0.15132775744834284,0.13239832224452766
334,NEE,NextEra Energy,Utilities,0.17768024841778846,0.12114546400519133
403,ROST,Ross Stores,Consumer Discretionary,0.03227599021743173,0.14808334865629072
174,EOG,EOG Resources,Energy,-0.0016416795443039013,0.16735044599072765
322,MNST,Monster Beverage,Consumer Staples,0.13211283128828918,0.12683013066592855
269,K,Kellogg's,Consumer Staples,0.016659488203819264,0.11593194076897183
315,MSFT,Microsoft,Information Technology,0.268955431046515,0.12286897717332274
123,CMA,Comerica,Financials,-0.025888534115916146,0.15582238968912898
305,MKC,McCormick & Company,Consumer Staples,0.09529300298529975,0.11792890043698966
423,SYK,Stryker Corporation,Health Care,0.09094922220305023,0.13149741048231617
497,WYNN,Wynn Resorts,Consumer Discretionary,-0.16910845604581315,0.18067990372069626
32,AXP,American Express,Financials,0.12052496933670666,0.14396569634331868
197,FE,FirstEnergy,Utilities,0.01082404221768979,0.13056939138343143
233,HON,Honeywell,Industrials,0.07831006661357097,0.12457043358479807
196,FRC,First Republic Bank,Financials,0.14845540245533714,0.13584093723521362
320,MDLZ,Mondelez International,Consumer Staples,0.09654909561875917,0.10716230674851795
408,SLB,Schlumberger,Energy,-0.11104071819201818,0.16772568719829828
471,VZ,Verizon Communications,Communication Services,-0.030462742973462048,0.1045152046630013
324,MS,Morgan Stanley,Financials,0.17831836364966375,0.13916165158128083
210,GRMN,Garmin,Consumer Discretionary,0.14796251137982597,0.12585234875821902
151,DISH,Dish Network,Communication Services,-0.09842846201194126,0.16559077277306417
505,ZTS,Zoetis,Health Care,0.19200003003716629,0.12501039309781684
239,HBAN,Huntington Bancshares,Financials,-0.0032793037166722284,0.14741801788635006
54,ADSK,Autodesk,Information Technology,0.14924831452967316,0.14992820772041007
63,BAX,Baxter International,Health Care,-0.012612833734760872,0.11890757839317709
191,FAST,Fastenal,Industrials,0.17842512066554056,0.1266033991842403
91,CTLT,Catalent,Health Care,0.2351672816515758,0.15427327732776777
205,FOXA,Fox Corporation (Class A),Communication Services,-0.04225834666064238,0.14157866369743263
327,NDAQ,Nasdaq,Financials,0.20111139537910228,0.12043169173552525
483,WMT,Walmart,Consumer Staples,0.10848161146642392,0.11285382333680116
122,CMCSA,Comcast,Communication Services,0.045722358054651045,0.12360103964616104
58,AVY,Avery Dennison,Materials,0.1614720558589377,0.13181104951528658
199,FLT,Fleetcor,Information Technology,0.007033955767472202,0.14083916451553644
434,TDY,Teledyne Technologies,Industrials,0.17504989135561938,0.13283164993725338
173,ETR,Entergy,Utilities,0.06693914216037108,0.12118173165582174
256,IVZ,Invesco,Financials,-0.04788497287584446,0.1577403702202908
188,XOM,ExxonMobil,Energy,0.0015363067112148846,0.1376794954870145
277,KR,Kroger,Consumer Staples,0.15471626934638927,0.13374604226895864
361,PYPL,PayPal,Information Technology,0.11167611360910168,0.15140105942933685
98,CNP,CenterPoint Energy,Utilities,0.0023052752481769433,0.13020454860249975
235,HST,Host Hotels & Resorts,Real Estate,-0.029954846087882243,0.1521646591739208
385,PVH,PVH,Consumer Discretionary,-0.13792494425597876,0.17947317356782128
377,PG,Procter & Gamble,Consumer Staples,0.13872558606392413,0.10732896755012353
411,SRE,Sempra Energy,Utilities,0.06299775715406912,0.12379790219325151
310,MET,MetLife,Financials,0.09970359811783974,0.14026202166841958
321,MPWR,Monolithic Power Systems,Information Technology,0.3425395606742979,0.15659464640184112
371,PXD,Pioneer Natural Resources,Energy,0.07052842828190461,0.16692596497225448
384,PHM,PulteGroup,Consumer Discretionary,0.13057197131244158,0.1540262124059093
76,BSX,Boston Scientific,Health Care,0.05954782247609647,0.1318751031915207
34,AMT,American Tower,Real Estate,0.12298297259821539,0.12293699851034366
318,MHK,Mohawk Industries,Consumer Discretionary,-0.06745024538080423,0.16593909697892262
243,IDXX,Idexx Laboratories,Health Care,0.2248163257718969,0.1378548365104967
50,AJG,Arthur J. Gallagher & Co.,Financials,0.2307107380361047,0.11724009863785338
194,FIS,Fidelity National Information Services,Information Technology,-0.019489329282679917,0.13649848769287798
167,EIX,Edison International,Utilities,-0.004641054952388223,0.13153367522063084
301,MLM,Martin Marietta Materials,Materials,0.15433482620968939,0.13937310603317252
42,ANSS,Ansys,Information Technology,0.15307115710394675,0.13500600737139754
248,IR,Ingersoll Rand,Industrials,-0.20412328102950147,0.20667047048624346
140,DVA,DaVita,Health Care,0.12607182329887623,0.14489718403923202
202,FTNT,Fortinet,Information Technology,0.40144107970299026,0.1544051329763109
458,ULTA,Ulta Beauty,Consumer Discretionary,0.11321795066694829,0.15683521371898013
169,EA,Electronic Arts,Communication Services,0.05231978428630376,0.131103347923911
87,CAH,Cardinal Health,Health Care,0.02765951642445919,0.1380778321298742
442,HSY,The Hershey Company,Consumer Staples,0.18058781853339625,0.11110720585343559
455,TSN,Tyson Foods,Consumer Staples,0.0326728606488239,0.1318333386591662
180,ETSY,Etsy,Consumer Discretionary,0.36158351376455805,0.18783826321570926
255,ISRG,Intuitive Surgical,Health Care,0.14064877169886728,0.14141786327276198
289,LKQ,LKQ Corporation,Consumer Discretionary,0.13827406038299447,0.15128820125059805
49,ANET,Arista Networks,Information Technology,0.1580714805638841,0.15576123389626892
291,L,Loews Corporation,Financials,0.039255533261992714,0.13188360012539363
503,ZBH,Zimmer Biomet,Health Care,0.01624837621558884,0.13550375006578924
106,CMG,Chipotle Mexican Grill,Consumer Discretionary,0.34141147293626684,0.1474941279363568
225,HCA,HCA Healthcare,Health Care,0.1850128317876867,0.1515494545000276
428,TMUS,T-Mobile US,Communication Services,0.20342280352263972,0.12322600069099882
102,CRL,Charles River Laboratories,Health Care,0.24216832689063106,0.1451328361495067
128,CPRT,Copart,Industrials,0.23076674810898565,0.13451072045542062
259,IRM,Iron Mountain,Real Estate,0.10062601933123937,0.13449245810270485
347,NXPI,NXP,Information Technology,0.17344315066920937,0.15625361214131483
350,ODFL,Old Dominion Freight Line,Industrials,0.30919347358232185,0.13601169835143706
332,NWSA,News Corp (Class A),Communication Services,0.10182250970539009,0.13855903872636102
21,ALLE,Allegion,Industrials,0.07478167999835941,0.13149758779137602
375,PPL,PPL,Utilities,-0.015576079286768093,0.12233855262489222
229,HPE,Hewlett Packard Enterprise,Information Technology,-0.020360508993245992,0.14502633633224335
379,PLD,Prologis,Real Estate,0.1841301226086761,0.12620147388603734
163,EMN,Eastman Chemical,Materials,0.03684821408708097,0.1421003370369435
38,AME,Ametek,Industrials,0.1483732057408074,0.12653143721425977
396,RF,Regions Financial Corporation,Financials,0.06544559240078193,0.15068033188973298
131,COST,Costco,Consumer Staples,0.2277997325923975,0.11297025205937367
440,COO,The Cooper Companies,Health Care,0.08966891306780804,0.12530485642233305
70,BLK,BlackRock,Financials,0.12755860306957942,0.13522168641439802
192,FRT,Federal Realty Investment Trust,Real Estate,-0.03775273001760245,0.1412645386035751
326,MSCI,MSCI,Financials,0.3071270209258895,0.1371466623908721
221,GS,Goldman Sachs,Financials,0.12738476871048451,0.13378053327194775
373,POOL,Pool Corporation,Consumer Discretionary,0.2737132643426564,0.13620564597013574
53,ATO,Atmos Energy,Utilities,0.03771294852254718,0.11515766970638831
362,PENN,Penn National Gaming,Consumer Discretionary,0.16931441911377912,0.21114468656608523
47,AMAT,Applied Materials,Information Technology,0.26861364146998856,0.15632248174291669
175,EFX,Equifax,Industrials,0.16646703817213873,0.13507815677236779
407,SBAC,SBA Communications,Real Estate,0.16802580580535945,0.12584065824440802
492,WRK,WestRock,Materials,-0.03702949587854527,0.14985464229057868
286,LNC,Lincoln National,Financials,-0.05348555194242796,0.17805300636237958
338,NSC,Norfolk Southern,Industrials,0.1286699946243582,0.1308322545164272
467,VLO,Valero Energy,Energy,-0.001444834475510816,0.1618529604394987
178,ESS,Essex Property Trust,Real Estate,0.028167279347148872,0.12664474376784005
3,ABT,Abbott Laboratories,Health Care,0.1511490721560318,0.12043974831968257
387,QCOM,Qualcomm,Information Technology,0.233159924421436,0.14639867216622215
306,MCD,McDonald's,Consumer Discretionary,0.10303403744939202,0.11439027102786424
459,UAA,Under Armour (Class A),Consumer Discretionary,-0.1041235696897411,0.17589927753260237
96,CE,Celanese,Materials,0.06214910825766995,0.1431485227896225
472,VRTX,Vertex Pharmaceuticals,Health Care,0.10725373135645758,0.13225489176816402
155,DPZ,Domino's Pizza,Consumer Discretionary,0.136319681260838,0.13347436418380415
181,RE,Everest Re,Financials,0.050827642270550345,0.12924465998993295
65,BRK.B,Berkshire Hathaway,Financials,0.10534162803743341,0.11083243632408657
504,ZION,Zions Bancorp,Financials,0.033619190719863856,0.14748208108606808
446,TMO,Thermo Fisher Scientific,Health Care,0.2474505903290248,0.12456859361021032
298,MKTX,MarketAxess,Financials,0.10733759394258008,0.13913766588308193
